ActivityStartDate,ActivityStartTime/Time,MonitoringLocationIdentifier,"Acidity, (H+)",Alkalinity,Arsenic,Barium,Cadmium,Calcium,Carbon dioxide,Chloride,Chromium,Coal,Cyanide,Fluoride,"Hardness, Ca, Mg","Hardness, non-carbonate",Heptachlor,Inorganic nitrogen (nitrate and nitrite),Iron,Magnesium,Manganese,Mercury,Phosphorus,Potassium,Sediment,Selenium,Silica,Silver,Sodium,Sodium adsorption ratio [(Na)/(sq root of 1/2 Ca + Mg)],"Sodium, percent total cations",Specific conductance,"Stream flow, instantaneous",Sulfate,Suspended Sediment Concentration (SSC),Suspended Sediment Discharge,"Temperature, water",Total dissolved solids,Zinc,pH
1979-05-09,12:00:00,USGS-03316645,2e-05,78.0,,,,,2.4,,,,,,,,,,1900.0,,120.0,,,,,,,,,,,220.0,21000.0,19.0,80.0,4540.0,16.0,132.0,,7.8
1979-06-18,12:45:00,USGS-03316645,2e-05,84.0,,,,,3.3,,,,,,,,,,1700.0,,30.0,,,,,,,,,,,240.0,3740.0,28.0,39.0,394.0,21.5,159.0,,7.7
1979-08-01,12:45:00,USGS-03316645,0.0001,74.0,,,,,14.0,,,,,,,,,,930.0,,90.0,,,,,,,,,,,260.0,11300.0,30.0,68.0,2080.0,23.5,181.0,,7.0
1979-09-13,12:30:00,USGS-03316645,1e-05,106.0,,,,,2.6,,,,,,,,,,30.0,,100.0,,,,,,,,,,,320.0,1930.0,41.0,40.0,208.0,25.0,205.0,,7.9
1979-10-23,12:00:00,USGS-03316645,2e-05,76.0,,,,,2.9,,,,,,,,,,1100.0,,140.0,,,,,,,,,,,230.0,17800.0,29.0,62.0,2980.0,17.5,141.0,,7.7
1979-12-06,13:45:00,USGS-03316645,4e-05,96.0,,,,,6.6,,,,,,,,,,680.0,,80.0,,,,,,,,,,,257.0,20200.0,31.0,42.0,2290.0,8.5,163.0,,7.5
1980-01-17,12:30:00,USGS-03316645,4e-05,93.0,,,,,7.2,,,,,,,,93.0,,770.0,,40.0,,,,,,,,,,,280.0,14100.0,38.0,43.0,1640.0,7.0,179.0,,7.4
1980-02-26,15:20:00,USGS-03316645,3e-05,94.0,,,,,5.8,,,,,,,,,,730.0,,40.0,,,,,,,,,,,280.0,11100.0,34.0,62.0,1860.0,8.5,164.0,,7.5
1980-04-01,11:00:00,USGS-03316645,,,,,,,,,,,,,,,,,,,,,,,,,,,,,,,28800.0,,98.0,10300.0,,,,
1980-04-09,10:30:00,USGS-03316645,3e-05,94.0,,,,,4.6,,,,,,,,,,980.0,,80.0,,,,,,,,,,,275.0,9520.0,32.0,37.0,951.0,14.0,178.0,,7.6
1980-04-14,11:40:00,USGS-03316645,,,,,,,,,,,,,,,,,,,,,,,,,,,,,,,11500.0,,99.0,4750.0,,,,
1980-04-16,08:50:00,USGS-03316645,,,,,,,,,,,,,,,,,,,,,,,,,,,,,,,17800.0,,97.0,6630.0,,,,
1980-04-18,13:05:00,USGS-03316645,,,,,,,,,,,,,,,,,,,,,,,,,,,,,,,17800.0,,120.0,5770.0,,,,
1980-05-20,09:00:00,USGS-03316645,,,,,,,,,,,,,,,,,,,,,,,,,,,,,,,21200.0,,98.0,14200.0,,,,
1980-05-21,08:20:00,USGS-03316645,,,,,,,,,,,,,,,,,,,,,,,,,,,,,,,16500.0,,170.0,7570.0,,,,
1980-06-04,09:00:00,USGS-03316645,3e-05,90.0,,,,,4.9,,,,,,,,,,1500.0,,80.0,,,,,,,,,,,280.0,5390.0,39.0,42.0,611.0,23.0,182.0,,7.5
1980-07-04,08:00:00,USGS-03316645,,,,,,,,,,,,,,,,,,,,,,,,,,,,,,,,,150.0,,,,,
1980-07-30,10:30:00,USGS-03316645,1e-05,110.0,2.0,100.0,0.0,47.0,3.0,12.0,10.0,21.0,0.01,0.2,150.0,41.0,,0.04,770.0,8.1,70.0,0.1,0.12,2.2,,0.0,5.3,0.0,8.8,0.3,11.0,330.0,3640.0,35.0,47.0,462.0,31.0,209.0,20.0,7.9
1980-08-27,10:00:00,USGS-03316645,1e-05,112.0,,,,,3.1,,,,,,,,,,720.0,,100.0,,,,,,,,,,,430.0,906.0,78.0,,,28.0,278.0,,7.9
1980-10-08,12:00:00,USGS-03316645,2e-05,136.0,,,,,4.2,,,,,,,,,,580.0,,60.0,,,,30.0,,,,,,,395.0,1250.0,42.0,9.0,30.0,23.5,217.0,,7.8
1980-11-13,10:30:00,USGS-03316645,1e-05,140.0,,,,,1.9,,,,,,,,,,690.0,,50.0,,,,,,,,,,,247.0,4040.0,25.0,,,20.0,157.0,,8.2
1981-01-14,08:15:00,USGS-03316645,1e-05,120.0,,,,,1.5,,,,,,,,,,20.0,,60.0,,,,,,,,,,,400.0,720.0,84.0,,,4.0,253.0,,8.2
1981-04-22,09:00:00,USGS-03316645,3e-05,72.0,,,,,4.0,,,,,,,,,,4900.0,,240.0,,,,,,,,,,,250.0,28400.0,30.0,,,17.0,164.0,,7.5
1981-06-10,09:35:00,USGS-03316645,3e-05,68.0,,,,,3.7,,,,,,,,,,11000.0,,360.0,,,,,,,,,,,193.0,39700.0,10.0,,,20.0,113.0,,7.5
1981-06-14,12:35:00,USGS-03316645,,,,,,,,,,,,,,,,,,,,,,,,,,,,,,,29400.0,,99.0,30900.0,27.0,,,
1981-08-05,09:00:00,USGS-03316645,1e-05,98.0,,,,,2.1,,,,,,,,,,870.0,,120.0,,,,,,,,,,,340.0,1770.0,60.0,,,30.0,224.0,,8.0
