timestamp,sensor_id,dissolved_oxygen_mgl,water_temp_c,pH,turbidity_ntu,conductivity_uscm,depth_m
2026-03-01 06:00:00,sensor_01,8.2,12.4,7.8,3.2,412,2.1
2026-03-01 07:00:00,sensor_01,8.5,12.1,7.9,3.0,408,2.1
2026-03-01 08:00:00,sensor_01,9.1,11.8,8.0,2.8,405,2.1
2026-03-01 09:00:00,sensor_01,9.8,11.5,8.1,2.5,401,2.1
2026-03-01 10:00:00,sensor_01,10.2,11.9,8.2,2.3,398,2.2
2026-03-01 11:00:00,sensor_01,10.8,12.3,8.3,2.1,395,2.2
2026-03-01 12:00:00,sensor_01,11.1,13.0,8.4,2.0,392,2.2
2026-03-01 13:00:00,sensor_02,4.1,18.2,7.2,8.9,445,8.5
2026-03-01 14:00:00,sensor_02,3.8,18.9,7.1,9.4,451,8.5
2026-03-01 15:00:00,sensor_02,3.2,19.4,7.0,10.1,458,8.5
2026-03-01 16:00:00,sensor_02,2.9,19.8,6.9,11.2,463,8.6
2026-03-01 17:00:00,sensor_02,2.4,20.1,6.8,12.0,471,8.6
2026-03-01 18:00:00,sensor_02,1.9,20.5,6.7,13.1,478,8.6
2026-03-01 19:00:00,sensor_02,1.4,20.8,6.6,14.2,484,8.7
2026-03-01 20:00:00,sensor_03,6.8,15.1,7.5,5.5,428,4.3
2026-03-01 21:00:00,sensor_03,6.5,15.4,7.5,5.8,431,4.3
2026-03-01 22:00:00,sensor_03,6.2,15.6,7.4,6.1,434,4.4
2026-03-01 23:00:00,sensor_03,5.9,15.9,7.3,6.5,438,4.4
2026-03-02 00:00:00,sensor_03,5.6,16.1,7.3,6.8,441,4.4
2026-03-02 01:00:00,sensor_03,5.2,16.4,7.2,7.2,445,4.5
